CIR,2000,2001,2002,2003,2004,2005,2006,2007,2008,2009,2010,2011,2012,2013,2014,2015
11001,0.59,0.51,0.6,0.67,0.71,0.69,0.67,0.72,0.7,0.76,0.77,0.82,0.84,0.86,0.84,0.83
11002,0.53,0.53,0.55,0.6,0.6,0.68,0.69,0.68,0.65,0.67,0.69,0.7,0.73,0.73,0.72,0.82
11003,0.6,0.61,0.63,0.64,0.68,0.7,0.72,0.76,0.81,0.81,0.85,0.85,0.84,0.81,0.75,0.8
11004,0.45,0.49,0.57,0.62,0.59,0.58,0.65,0.66,0.76,0.69,0.65,0.68,0.72,0.75,0.74,0.75
11005,0.59,0.64,0.69,0.74,0.68,0.73,0.77,0.8,0.82,0.85,0.88,0.88,0.88,0.88,0.87,0.89
11006,0.62,0.6,0.59,0.71,0.73,0.69,0.78,0.77,0.83,0.84,0.88,0.9,0.91,0.85,0.87,0.88
11007,0.41,0.5,0.58,0.65,0.71,0.77,0.83,0.86,0.88,0.93,0.92,0.94,0.97,0.97,0.96,0.93
12001,0.49,0.49,0.48,0.52,0.59,0.6,0.63,0.66,0.65,0.66,0.62,0.62,0.62,0.64,0.69,0.68
12002,0.43,0.5,0.49,0.51,0.51,0.56,0.57,0.58,0.62,0.62,0.62,0.62,0.64,0.67,0.68,0.7
12003,0.26,0.32,0.38,0.39,0.41,0.42,0.4,0.42,0.46,0.45,0.48,0.51,0.53,0.56,0.59,0.65
13001,0.39,0.43,0.48,0.48,0.53,0.6,0.63,0.67,0.67,0.68,0.68,0.67,0.69,0.68,0.67,0.66
13002,0.21,0.34,0.34,0.38,0.4,0.43,0.43,0.41,0.44,0.55,0.7,0.77,0.74,0.64,0.69,0.72
13003,0.38,0.37,0.38,0.4,0.44,0.49,0.48,0.47,0.51,0.54,0.59,0.66,0.66,0.69,0.74,0.71
13004,0.39,0.43,0.45,0.49,0.52,0.51,0.54,0.57,0.6,0.62,0.62,0.61,0.65,0.63,0.62,0.6
13005,0.2,0.26,0.3,0.31,0.3,0.36,0.41,0.41,0.46,0.54,0.59,0.6,0.69,0.71,0.7,0.73
13006,0.49,0.58,0.62,0.46,0.52,0.51,0.53,0.5,0.47,0.48,0.54,0.54,0.52,0.58,0.68,0.77
13007,0.4,0.28,0.38,0.38,0.42,0.46,0.45,0.46,0.57,0.54,0.6,0.63,0.65,0.65,0.68,0.66
13008,0.29,0.22,0.23,0.34,0.36,0.37,0.34,0.42,0.52,0.52,0.57,0.72,0.65,0.69,0.85,0.53
13009,0.4,0.44,0.42,0.44,0.45,0.47,0.49,0.47,0.48,0.46,0.55,0.54,0.56,0.59,0.57,0.59
14001,0.55,0.58,0.51,0.57,0.59,0.63,0.61,0.6,0.63,0.64,0.64,0.69,0.71,0.7,0.69,0.71
14002,0.43,0.53,0.6,0.64,0.62,0.67,0.59,0.69,0.68,0.74,0.74,0.78,0.79,0.79,0.83,0.78
15001,0.5,0.52,0.56,0.55,0.6,0.6,0.63,0.67,0.68,0.71,0.74,0.76,0.76,0.78,0.8,0.82
15002,0.32,0.35,0.36,0.38,0.39,0.42,0.45,0.48,0.5,0.51,0.52,0.54,0.58,0.58,0.61,0.6
15003,0.43,0.47,0.53,0.51,0.53,0.56,0.6,0.63,0.65,0.68,0.73,0.73,0.75,0.75,0.75,0.78
15004,0.35,0.38,0.47,0.48,0.53,0.56,0.57,0.62,0.64,0.68,0.7,0.7,0.71,0.72,0.75,0.7
15006,0.1,0.59,0.63,0.65,0.65,0.68,0.68,0.69,0.71,0.74,0.77,0.79,0.78,0.79,0.8,0.8
15007,0.33,0.35,0.45,0.51,0.52,0.55,0.57,0.59,0.62,0.57,0.62,0.63,0.65,0.68,0.7,0.72
15008,0.41,0.43,0.47,0.53,0.45,0.54,0.58,0.65,0.72,0.69,0.72,0.74,0.78,0.8,0.79,0.76
15009,0.39,0.41,0.44,0.48,0.51,0.54,0.56,0.56,0.58,0.6,0.6,0.64,0.67,0.67,0.69,0.71
15010,0.27,0.28,0.33,0.37,0.41,0.39,0.51,0.53,0.57,0.58,0.6,0.64,0.62,0.65,0.68,0.69
15011,0.42,0.41,0.42,0.43,0.45,0.46,0.48,0.52,0.53,0.58,0.64,0.65,0.69,0.67,0.65,0.67
15012,0.31,0.41,0.49,0.54,0.55,0.49,0.57,0.62,0.62,0.64,0.62,0.62,0.69,0.68,0.69,0.7
15013,0.34,0.36,0.32,0.32,0.35,0.36,0.37,0.42,0.44,0.47,0.45,0.48,0.53,0.52,0.56,0.57
15014,0.23,0.26,0.28,0.29,0.34,0.35,0.35,0.35,0.39,0.41,0.46,0.43,0.48,0.49,0.49,0.6
16001,0.59,0.55,0.53,0.55,0.53,0.56,0.57,0.6,0.6,0.61,0.62,0.61,0.63,0.62,0.71,0.82
16002,0.26,0.44,0.43,0.54,0.56,0.43,0.49,0.55,0.53,0.54,0.57,0.55,0.55,0.56,0.0,0.0
16003,0.4,0.42,0.4,0.43,0.43,0.46,0.49,0.51,0.52,0.57,0.59,0.58,0.56,0.55,0.0,0.0
17001,0.61,0.58,0.6,0.66,0.69,0.71,0.75,0.76,0.79,0.78,0.8,0.79,0.8,0.79,0.82,0.83
17002,0.46,0.5,0.55,0.61,0.63,0.68,0.74,0.77,0.79,0.81,0.82,0.82,0.83,0.84,0.89,0.88
17003,0.49,0.51,0.55,0.56,0.61,0.62,0.68,0.67,0.7,0.74,0.73,0.75,0.79,0.81,0.8,0.82
17004,0.62,0.64,0.63,0.71,0.73,0.75,0.79,0.82,0.83,0.83,0.86,0.86,0.85,0.86,0.87,0.85
17005,0.69,0.69,0.75,0.76,0.76,0.76,0.78,0.79,0.81,0.83,0.83,0.83,0.85,0.84,0.86,0.86
17006,0.64,0.67,0.68,0.69,0.71,0.71,0.72,0.77,0.82,0.84,0.84,0.85,0.86,0.87,0.87,0.84
17007,0.63,0.67,0.71,0.76,0.76,0.75,0.79,0.81,0.82,0.83,0.84,0.84,0.86,0.85,0.87,0.86
17008,0.64,0.66,0.66,0.67,0.68,0.68,0.7,0.74,0.79,0.8,0.82,0.82,0.82,0.84,0.83,0.85
21001,0.43,0.42,0.43,0.44,0.48,0.52,0.58,0.61,0.65,0.69,0.71,0.7,0.74,0.73,0.77,0.77
21002,0.44,0.45,0.47,0.5,0.53,0.58,0.58,0.62,0.66,0.68,0.69,0.71,0.73,0.76,0.8,0.8
21003,0.38,0.41,0.5,0.53,0.56,0.59,0.61,0.66,0.68,0.71,0.72,0.76,0.76,0.77,0.79,0.79
21004,0.31,0.43,0.53,0.57,0.61,0.61,0.65,0.68,0.71,0.72,0.76,0.78,0.78,0.77,0.84,0.84
21005,0.44,0.47,0.47,0.48,0.53,0.54,0.57,0.6,0.64,0.63,0.66,0.68,0.73,0.74,0.75,0.78
21006,0.36,0.38,0.41,0.44,0.48,0.52,0.57,0.59,0.62,0.64,0.67,0.69,0.7,0.7,0.74,0.75
21007,0.42,0.49,0.52,0.56,0.57,0.53,0.63,0.66,0.69,0.69,0.7,0.71,0.74,0.71,0.76,0.81
21008,0.47,0.48,0.52,0.56,0.61,0.61,0.65,0.68,0.71,0.73,0.77,0.78,0.8,0.8,0.82,0.83
21009,0.4,0.44,0.48,0.51,0.53,0.54,0.59,0.62,0.66,0.65,0.69,0.7,0.72,0.72,0.75,0.76
21010,0.51,0.5,0.57,0.61,0.64,0.66,0.69,0.72,0.73,0.73,0.75,0.77,0.78,0.76,0.77,0.76
21011,0.27,0.29,0.34,0.38,0.42,0.44,0.51,0.53,0.55,0.59,0.64,0.64,0.65,0.64,0.66,0.69
21012,0.47,0.49,0.56,0.61,0.66,0.67,0.69,0.66,0.79,0.8,0.83,0.84,0.85,0.82,0.86,0.85
21013,0.27,0.31,0.37,0.41,0.42,0.43,0.51,0.54,0.6,0.59,0.6,0.65,0.66,0.65,0.74,0.74
21014,0.32,0.37,0.41,0.46,0.49,0.53,0.58,0.64,0.68,0.7,0.73,0.74,0.77,0.75,0.79,0.81
21015,0.46,0.46,0.51,0.53,0.59,0.59,0.66,0.7,0.72,0.77,0.8,0.81,0.84,0.82,0.84,0.86
21016,0.56,0.57,0.56,0.62,0.64,0.65,0.66,0.68,0.67,0.69,0.72,0.7,0.71,0.74,0.74,0.78
21017,0.43,0.45,0.47,0.48,0.47,0.45,0.52,0.59,0.64,0.65,0.68,0.7,0.75,0.73,0.75,0.76
21018,0.34,0.33,0.41,0.45,0.47,0.5,0.56,0.6,0.63,0.64,0.7,0.71,0.71,0.7,0.75,0.76
21019,0.32,0.35,0.42,0.46,0.47,0.49,0.56,0.64,0.66,0.66,0.68,0.73,0.77,0.74,0.78,0.8
22001,0.49,0.5,0.54,0.58,0.63,0.64,0.68,0.72,0.74,0.75,0.8,0.82,0.83,0.83,0.84,0.87
22002,0.45,0.4,0.48,0.53,0.58,0.61,0.66,0.67,0.69,0.72,0.75,0.76,0.8,0.79,0.82,0.83
22003,0.49,0.47,0.53,0.58,0.6,0.62,0.67,0.7,0.72,0.73,0.77,0.79,0.81,0.82,0.84,0.85
22004,0.54,0.59,0.65,0.7,0.72,0.75,0.75,0.77,0.78,0.8,0.8,0.81,0.82,0.82,0.82,0.83
22005,0.46,0.5,0.57,0.64,0.65,0.64,0.65,0.68,0.71,0.72,0.73,0.74,0.76,0.75,0.78,0.79
22006,0.49,0.46,0.55,0.6,0.64,0.65,0.71,0.75,0.76,0.81,0.83,0.85,0.86,0.88,0.89,0.89
22007,0.25,0.44,0.47,0.53,0.53,0.51,0.57,0.6,0.6,0.66,0.68,0.68,0.73,0.77,0.8,0.84
22008,0.46,0.48,0.52,0.56,0.58,0.64,0.63,0.68,0.68,0.67,0.76,0.76,0.78,0.82,0.85,0.87
22009,0.52,0.57,0.63,0.66,0.71,0.73,0.75,0.77,0.8,0.81,0.83,0.84,0.84,0.86,0.88,0.88
22010,0.57,0.58,0.63,0.66,0.71,0.73,0.75,0.76,0.8,0.78,0.79,0.82,0.83,0.87,0.89,0.91
22011,0.44,0.5,0.58,0.63,0.68,0.72,0.75,0.78,0.79,0.81,0.81,0.83,0.84,0.84,0.84,0.82
23001,0.5,0.54,0.57,0.6,0.63,0.65,0.69,0.71,0.7,0.72,0.72,0.72,0.75,0.77,0.78,0.79
23002,0.56,0.58,0.65,0.7,0.74,0.75,0.76,0.78,0.8,0.79,0.81,0.83,0.84,0.84,0.84,0.84
23003,0.6,0.63,0.66,0.71,0.74,0.76,0.76,0.78,0.79,0.79,0.82,0.82,0.83,0.82,0.85,0.86
23004,0.66,0.63,0.65,0.65,0.7,0.75,0.75,0.78,0.82,0.85,0.87,0.9,0.89,0.88,0.9,0.92
23005,0.53,0.51,0.55,0.57,0.64,0.68,0.74,0.73,0.76,0.73,0.77,0.78,0.8,0.81,0.83,0.86
23006,0.48,0.55,0.59,0.63,0.64,0.66,0.72,0.74,0.76,0.79,0.8,0.77,0.79,0.78,0.8,0.81
23007,0.68,0.7,0.75,0.79,0.81,0.82,0.82,0.83,0.86,0.86,0.89,0.89,0.89,0.88,0.91,0.87
23008,0.64,0.67,0.71,0.76,0.76,0.76,0.79,0.81,0.83,0.85,0.87,0.88,0.88,0.88,0.89,0.89
23009,0.67,0.72,0.77,0.78,0.78,0.78,0.79,0.82,0.84,0.85,0.87,0.88,0.89,0.88,0.87,0.89
23010,0.67,0.75,0.76,0.8,0.82,0.82,0.85,0.86,0.9,0.89,0.91,0.9,0.91,0.91,0.91,0.91
23011,0.62,0.65,0.7,0.74,0.77,0.79,0.82,0.84,0.86,0.87,0.89,0.9,0.91,0.89,0.9,0.91
23012,0.55,0.57,0.6,0.71,0.75,0.76,0.78,0.82,0.84,0.84,0.86,0.86,0.87,0.88,0.9,0.9
23013,0.65,0.69,0.74,0.79,0.84,0.83,0.86,0.88,0.89,0.89,0.89,0.9,0.91,0.89,0.89,0.9
23014,0.46,0.45,0.54,0.61,0.67,0.7,0.75,0.74,0.78,0.78,0.81,0.82,0.85,0.82,0.83,0.85
23015,0.65,0.66,0.68,0.72,0.79,0.79,0.81,0.82,0.84,0.81,0.83,0.85,0.86,0.88,0.89,0.88
23016,0.38,0.42,0.44,0.49,0.56,0.59,0.67,0.69,0.72,0.71,0.72,0.76,0.81,0.79,0.82,0.83
23017,0.67,0.67,0.7,0.72,0.73,0.74,0.79,0.8,0.82,0.85,0.87,0.87,0.9,0.89,0.87,0.89
23018,0.72,0.72,0.74,0.75,0.78,0.8,0.84,0.85,0.86,0.86,0.88,0.9,0.9,0.91,0.92,0.91
23019,0.73,0.74,0.76,0.8,0.82,0.85,0.87,0.89,0.9,0.92,0.93,0.94,0.94,0.94,0.94,0.95
23020,0.6,0.63,0.66,0.7,0.71,0.74,0.77,0.8,0.82,0.83,0.85,0.86,0.87,0.87,0.88,0.82
23021,0.6,0.64,0.68,0.7,0.74,0.76,0.8,0.79,0.82,0.84,0.87,0.87,0.86,0.87,0.88,0.86
23022,0.64,0.65,0.7,0.71,0.75,0.76,0.78,0.8,0.84,0.83,0.86,0.86,0.88,0.87,0.88,0.89
24001,0.45,0.48,0.57,0.63,0.65,0.68,0.72,0.76,0.77,0.8,0.79,0.83,0.84,0.85,0.86,0.9
24002,0.66,0.68,0.72,0.75,0.78,0.79,0.82,0.83,0.85,0.86,0.88,0.87,0.88,0.88,0.9,0.89
24003,0.45,0.48,0.57,0.59,0.63,0.65,0.68,0.72,0.72,0.74,0.76,0.78,0.76,0.81,0.81,0.81
24004,0.66,0.72,0.74,0.78,0.79,0.82,0.84,0.86,0.87,0.89,0.89,0.9,0.92,0.92,0.92,0.91
24005,0.52,0.59,0.67,0.72,0.73,0.75,0.79,0.81,0.83,0.81,0.85,0.87,0.88,0.89,0.9,0.92
24006,0.66,0.68,0.76,0.78,0.79,0.81,0.83,0.85,0.86,0.86,0.88,0.9,0.9,0.92,0.92,0.91
24007,0.55,0.58,0.61,0.66,0.7,0.74,0.75,0.77,0.76,0.79,0.8,0.8,0.82,0.81,0.8,0.85
24008,0.52,0.58,0.59,0.63,0.69,0.72,0.76,0.76,0.78,0.79,0.8,0.85,0.85,0.86,0.88,0.86
25001,0.54,0.59,0.61,0.64,0.65,0.69,0.73,0.77,0.79,0.81,0.83,0.84,0.85,0.85,0.85,0.84
25002,0.46,0.53,0.61,0.67,0.72,0.75,0.8,0.81,0.84,0.86,0.87,0.89,0.91,0.9,0.92,0.93
25003,0.54,0.57,0.63,0.67,0.7,0.74,0.76,0.8,0.83,0.82,0.83,0.83,0.87,0.88,0.89,0.89
25004,0.69,0.72,0.8,0.81,0.82,0.83,0.88,0.89,0.9,0.9,0.9,0.92,0.93,0.92,0.92,0.92
25005,0.58,0.61,0.63,0.73,0.74,0.75,0.77,0.8,0.82,0.83,0.85,0.86,0.89,0.87,0.89,0.92
25006,0.71,0.75,0.76,0.79,0.79,0.8,0.82,0.85,0.86,0.87,0.89,0.89,0.9,0.9,0.9,0.85
25007,0.58,0.62,0.67,0.69,0.69,0.72,0.75,0.79,0.78,0.82,0.83,0.8,0.85,0.88,0.89,0.89
25008,0.7,0.7,0.76,0.8,0.81,0.79,0.83,0.85,0.87,0.89,0.9,0.91,0.91,0.92,0.94,0.93
25009,0.54,0.62,0.69,0.72,0.75,0.8,0.81,0.81,0.87,0.86,0.9,0.9,0.9,0.91,0.92,0.96
25010,0.66,0.64,0.68,0.7,0.77,0.76,0.81,0.84,0.85,0.87,0.89,0.91,0.91,0.9,0.92,0.92
25011,0.49,0.48,0.55,0.65,0.65,0.66,0.73,0.76,0.79,0.82,0.8,0.82,0.84,0.85,0.89,0.89
25012,0.52,0.58,0.66,0.7,0.71,0.75,0.78,0.81,0.82,0.74,0.83,0.85,0.87,0.87,0.9,0.89
25013,0.66,0.71,0.75,0.77,0.73,0.78,0.82,0.8,0.8,0.81,0.88,0.88,0.89,0.89,0.89,0.92
25014,0.45,0.55,0.62,0.64,0.69,0.72,0.77,0.8,0.83,0.81,0.82,0.86,0.86,0.86,0.86,0.92
25015,0.46,0.51,0.59,0.64,0.69,0.72,0.78,0.81,0.84,0.85,0.88,0.89,0.88,0.83,0.87,0.88
25016,0.57,0.61,0.68,0.69,0.74,0.73,0.78,0.79,0.81,0.81,0.81,0.77,0.76,0.83,0.85,0.87
26001,0.58,0.58,0.67,0.71,0.74,0.77,0.83,0.83,0.84,0.85,0.87,0.88,0.89,0.88,0.9,0.93
26002,0.43,0.44,0.45,0.51,0.57,0.57,0.6,0.64,0.68,0.71,0.74,0.77,0.81,0.84,0.83,0.83
26003,0.46,0.47,0.53,0.58,0.62,0.63,0.67,0.71,0.74,0.74,0.78,0.8,0.82,0.84,0.86,0.86
26004,0.52,0.51,0.56,0.58,0.6,0.64,0.67,0.71,0.73,0.76,0.79,0.8,0.82,0.84,0.85,0.87
26005,0.57,0.54,0.61,0.66,0.67,0.69,0.73,0.74,0.77,0.8,0.81,0.82,0.84,0.84,0.87,0.88
26006,0.5,0.55,0.57,0.61,0.63,0.66,0.7,0.73,0.75,0.79,0.84,0.83,0.85,0.85,0.86,0.87
26007,0.47,0.48,0.53,0.55,0.57,0.58,0.61,0.63,0.66,0.69,0.72,0.74,0.76,0.77,0.81,0.82
26008,0.43,0.48,0.5,0.52,0.55,0.55,0.59,0.64,0.68,0.69,0.73,0.76,0.78,0.77,0.79,0.81
26009,0.5,0.51,0.54,0.57,0.59,0.61,0.69,0.73,0.76,0.75,0.78,0.83,0.82,0.83,0.85,0.84
26010,0.61,0.64,0.67,0.7,0.72,0.73,0.74,0.77,0.79,0.8,0.81,0.82,0.83,0.84,0.83,0.83
26011,0.58,0.57,0.61,0.64,0.65,0.65,0.69,0.72,0.78,0.81,0.82,0.82,0.84,0.87,0.86,0.88
26012,0.51,0.52,0.55,0.54,0.53,0.58,0.61,0.65,0.67,0.74,0.75,0.73,0.78,0.78,0.8,0.81
27001,0.54,0.61,0.66,0.69,0.7,0.72,0.74,0.75,0.76,0.76,0.77,0.77,0.78,0.76,0.79,0.78
27002,0.32,0.4,0.43,0.45,0.43,0.44,0.48,0.52,0.54,0.56,0.62,0.62,0.63,0.66,0.68,0.7
27003,0.37,0.43,0.47,0.52,0.55,0.57,0.62,0.62,0.65,0.65,0.7,0.72,0.75,0.75,0.8,0.81
27004,0.41,0.48,0.55,0.57,0.57,0.55,0.6,0.64,0.67,0.7,0.74,0.75,0.79,0.78,0.82,0.84
27005,0.41,0.44,0.55,0.59,0.62,0.65,0.67,0.69,0.72,0.73,0.75,0.76,0.78,0.81,0.85,0.84
27006,0.47,0.53,0.61,0.69,0.7,0.69,0.69,0.73,0.74,0.75,0.78,0.8,0.82,0.83,0.58,0.83
27007,0.52,0.54,0.58,0.65,0.68,0.68,0.7,0.74,0.76,0.78,0.81,0.8,0.82,0.83,0.85,0.87
27008,0.47,0.54,0.59,0.61,0.64,0.71,0.74,0.72,0.75,0.77,0.76,0.81,0.84,0.83,0.86,0.88
27009,0.37,0.42,0.49,0.53,0.53,0.56,0.57,0.58,0.65,0.65,0.69,0.72,0.76,0.77,0.79,0.83
27010,0.43,0.42,0.46,0.53,0.56,0.62,0.64,0.69,0.72,0.71,0.74,0.77,0.78,0.8,0.82,0.82
28001,0.61,0.65,0.68,0.73,0.76,0.77,0.79,0.79,0.79,0.8,0.78,0.73,0.79,0.84,0.83,0.85
28002,0.53,0.54,0.58,0.6,0.59,0.62,0.7,0.7,0.71,0.71,0.74,0.77,0.78,0.8,0.78,0.79
28003,0.66,0.7,0.75,0.77,0.8,0.8,0.83,0.84,0.85,0.86,0.88,0.87,0.88,0.9,0.91,0.93
28004,0.55,0.56,0.63,0.64,0.66,0.65,0.73,0.74,0.78,0.79,0.79,0.81,0.85,0.83,0.84,0.83
28005,0.49,0.56,0.57,0.64,0.69,0.65,0.71,0.75,0.78,0.77,0.78,0.81,0.82,0.83,0.86,0.88
28006,0.56,0.61,0.68,0.71,0.73,0.76,0.79,0.81,0.82,0.83,0.84,0.83,0.83,0.82,0.82,0.82
28007,0.57,0.6,0.71,0.75,0.76,0.75,0.79,0.8,0.78,0.82,0.84,0.85,0.85,0.84,0.85,0.89
29001,0.38,0.41,0.48,0.51,0.54,0.55,0.57,0.61,0.63,0.66,0.69,0.73,0.75,0.75,0.78,0.78
29002,0.42,0.49,0.5,0.53,0.54,0.57,0.61,0.65,0.69,0.68,0.71,0.75,0.8,0.78,0.81,0.81
29003,0.47,0.49,0.51,0.56,0.57,0.68,0.73,0.74,0.8,0.81,0.85,0.86,0.87,0.86,0.88,0.9
29004,0.47,0.5,0.5,0.53,0.54,0.55,0.6,0.63,0.65,0.67,0.69,0.71,0.71,0.73,0.76,0.77
29005,0.44,0.45,0.49,0.56,0.6,0.63,0.64,0.67,0.69,0.7,0.74,0.78,0.78,0.82,0.86,0.87
29006,0.47,0.49,0.51,0.54,0.58,0.63,0.66,0.68,0.7,0.72,0.74,0.76,0.77,0.78,0.79,0.81
29007,0.46,0.48,0.51,0.55,0.56,0.58,0.64,0.68,0.74,0.75,0.77,0.79,0.79,0.8,0.82,0.86
29008,0.35,0.37,0.37,0.4,0.45,0.5,0.57,0.6,0.61,0.6,0.63,0.66,0.7,0.74,0.78,0.82
29009,0.37,0.36,0.4,0.43,0.46,0.5,0.52,0.55,0.56,0.58,0.6,0.62,0.65,0.68,0.68,0.72
29010,0.49,0.53,0.55,0.61,0.61,0.61,0.65,0.69,0.73,0.75,0.74,0.78,0.81,0.81,0.85,0.86
29011,0.26,0.24,0.33,0.39,0.42,0.44,0.51,0.52,0.56,0.59,0.64,0.66,0.69,0.69,0.73,0.75
29012,0.43,0.44,0.47,0.49,0.5,0.52,0.55,0.58,0.62,0.61,0.64,0.65,0.68,0.7,0.73,0.75
29013,0.45,0.42,0.44,0.47,0.52,0.53,0.57,0.62,0.63,0.63,0.68,0.69,0.71,0.74,0.75,0.79
29014,0.43,0.42,0.46,0.49,0.53,0.56,0.62,0.65,0.68,0.7,0.73,0.77,0.79,0.79,0.8,0.8
29015,0.39,0.42,0.46,0.49,0.51,0.53,0.57,0.58,0.61,0.65,0.67,0.69,0.71,0.71,0.73,0.77
29016,0.4,0.42,0.44,0.55,0.61,0.63,0.63,0.66,0.69,0.7,0.73,0.74,0.77,0.79,0.79,0.8
29017,0.36,0.35,0.38,0.41,0.47,0.52,0.58,0.63,0.71,0.72,0.74,0.75,0.76,0.78,0.79,0.8
29018,0.37,0.4,0.45,0.49,0.5,0.52,0.58,0.63,0.66,0.68,0.69,0.69,0.72,0.72,0.74,0.75
29019,0.39,0.39,0.42,0.52,0.58,0.59,0.67,0.7,0.73,0.74,0.77,0.78,0.78,0.8,0.83,0.84
29020,0.43,0.47,0.51,0.57,0.6,0.62,0.64,0.66,0.68,0.69,0.71,0.7,0.72,0.71,0.72,0.65
29021,0.43,0.49,0.52,0.58,0.61,0.61,0.67,0.68,0.68,0.71,0.75,0.77,0.79,0.79,0.8,0.83
29022,0.4,0.41,0.45,0.48,0.49,0.53,0.59,0.64,0.68,0.7,0.74,0.75,0.78,0.8,0.8,0.84
29023,0.45,0.46,0.47,0.5,0.55,0.58,0.6,0.62,0.67,0.7,0.71,0.76,0.78,0.78,0.79,0.81
29024,0.48,0.47,0.5,0.51,0.51,0.5,0.58,0.65,0.69,0.71,0.76,0.78,0.81,0.81,0.82,0.84
29025,0.4,0.39,0.4,0.43,0.46,0.49,0.58,0.6,0.61,0.65,0.67,0.71,0.73,0.75,0.77,0.8
29026,0.47,0.48,0.53,0.56,0.56,0.58,0.61,0.67,0.69,0.71,0.71,0.74,0.76,0.76,0.78,0.8
29027,0.34,0.36,0.39,0.43,0.46,0.47,0.5,0.55,0.57,0.6,0.62,0.65,0.68,0.66,0.7,0.72
29028,0.42,0.45,0.49,0.54,0.6,0.6,0.62,0.65,0.68,0.71,0.71,0.73,0.77,0.78,0.8,0.82
31001,0.61,0.67,0.72,0.73,0.68,0.63,0.73,0.76,0.77,0.79,0.87,0.86,0.88,0.87,0.86,0.88
31002,0.7,0.65,0.71,0.73,0.8,0.83,0.84,0.86,0.88,0.91,0.92,0.92,0.89,0.94,0.93,0.98
31003,0.72,0.71,0.78,0.84,0.86,0.86,0.86,0.89,0.88,0.86,0.88,0.86,0.87,0.88,0.89,0.89
31004,0.59,0.59,0.65,0.7,0.74,0.72,0.77,0.82,0.84,0.82,0.84,0.86,0.87,0.9,0.91,0.92
31005,0.63,0.6,0.62,0.61,0.6,0.64,0.71,0.74,0.78,0.78,0.8,0.8,0.79,0.82,0.87,0.86
31006,0.8,0.82,0.88,0.88,0.87,0.84,0.84,0.88,0.88,0.86,0.86,0.83,0.85,0.87,0.87,0.89
31007,0.66,0.68,0.75,0.8,0.78,0.78,0.83,0.83,0.83,0.85,0.85,0.86,0.87,0.89,0.92,0.91
31008,0.54,0.62,0.62,0.69,0.71,0.35,0.35,0.28,0.28,0.47,0.61,0.22,0.35,0.74,0.8,0.8
31009,0.52,0.67,0.74,0.76,0.78,0.82,0.83,0.83,0.81,0.82,0.84,0.84,0.84,0.85,0.86,0.85
31010,0.57,0.75,0.77,0.79,0.82,0.84,0.84,0.85,0.83,0.82,0.83,0.84,0.86,0.86,0.88,0.88
31011,0.56,0.57,0.68,0.72,0.73,0.78,0.8,0.82,0.84,0.85,0.86,0.86,0.89,0.87,0.88,0.9
31012,0.67,0.68,0.75,0.82,0.83,0.82,0.82,0.79,0.81,0.84,0.82,0.84,0.83,0.84,0.85,0.82
31013,0.55,0.52,0.67,0.74,0.75,0.78,0.79,0.83,0.87,0.87,0.87,0.91,0.92,0.83,0.9,0.87
31014,0.7,0.7,0.72,0.73,0.77,0.73,0.81,0.8,0.8,0.83,0.85,0.82,0.8,0.83,0.87,0.86
31015,0.6,0.7,0.76,0.8,0.84,0.86,0.86,0.86,0.87,0.89,0.87,0.9,0.87,0.85,0.86,0.87
31016,0.58,0.52,0.7,0.73,0.73,0.71,0.76,0.87,0.86,0.8,0.81,0.88,0.87,0.89,0.89,0.89
31017,0.7,0.77,0.71,0.81,0.8,0.81,0.88,0.88,0.89,0.87,0.89,0.89,0.88,0.88,0.88,0.91
31018,0.66,0.71,0.77,0.8,0.79,0.81,0.84,0.83,0.84,0.81,0.86,0.88,0.9,0.87,0.9,0.92
31019,0.48,0.52,0.57,0.68,0.69,0.69,0.74,0.78,0.81,0.81,0.85,0.88,0.88,0.89,0.89,0.9
31020,0.72,0.78,0.79,0.86,0.83,0.84,0.85,0.86,0.85,0.84,0.88,0.86,0.86,0.85,0.87,0.89
31021,0.69,0.8,0.9,0.86,0.88,0.9,0.89,0.92,0.89,0.94,0.94,0.93,0.93,0.93,0.94,0.95
31022,0.52,0.6,0.66,0.7,0.75,0.72,0.79,0.82,0.84,0.87,0.89,0.9,0.87,0.89,0.89,0.92
31023,0.77,0.76,0.84,0.81,0.85,0.87,0.9,0.88,0.89,0.88,0.89,0.9,0.93,0.9,0.91,0.88
31024,0.59,0.6,0.62,0.7,0.73,0.74,0.81,0.84,0.87,0.84,0.88,0.9,0.9,0.91,0.93,0.95
31025,0.52,0.56,0.7,0.76,0.81,0.78,0.8,0.82,0.83,0.78,0.83,0.84,0.83,0.86,0.87,0.85
31026,0.73,0.81,0.89,0.86,0.87,0.94,0.91,0.9,0.9,0.95,0.94,0.96,0.96,0.94,0.94,0.94
31027,0.53,0.57,0.67,0.75,0.8,0.83,0.84,0.87,0.88,0.87,0.9,0.92,0.92,0.89,0.91,0.91
31028,0.63,0.62,0.71,0.73,0.76,0.73,0.8,0.8,0.86,0.85,0.86,0.85,0.82,0.84,0.86,0.86
31029,0.58,0.66,0.74,0.86,0.86,0.89,0.89,0.89,0.9,0.88,0.89,0.88,0.89,0.86,0.9,0.91
31030,0.43,0.45,0.52,0.62,0.56,0.6,0.65,0.72,0.76,0.77,0.85,0.86,0.88,0.87,0.91,0.91
31031,0.67,0.74,0.79,0.81,0.84,0.85,0.87,0.87,0.87,0.88,0.9,0.91,0.91,0.9,0.88,0.89
31032,0.81,0.82,0.89,0.91,0.92,0.87,0.89,0.89,0.91,0.92,0.93,0.95,0.95,0.94,0.95,0.97
31033,0.68,0.66,0.73,0.77,0.81,0.79,0.82,0.85,0.86,0.86,0.89,0.89,0.91,0.91,0.91,0.93
31034,0.78,0.72,0.62,0.64,0.66,0.66,0.7,0.71,0.67,0.71,0.74,0.76,0.78,0.81,0.77,0.81
31035,0.68,0.7,0.77,0.77,0.79,0.8,0.83,0.86,0.86,0.86,0.87,0.88,0.89,0.86,0.89,0.86
31036,0.66,0.66,0.73,0.77,0.76,0.73,0.75,0.75,0.78,0.77,0.86,0.88,0.9,0.88,0.88,0.88
31037,0.64,0.71,0.74,0.77,0.77,0.78,0.8,0.81,0.82,0.83,0.85,0.83,0.84,0.85,0.83,0.85
31038,0.71,0.75,0.82,0.77,0.92,0.87,0.79,0.85,0.87,0.88,0.9,0.88,0.89,0.91,0.94,0.92
31039,0.71,0.73,0.79,0.83,0.87,0.77,0.85,0.87,0.9,0.88,0.9,0.88,0.88,0.87,0.88,0.87
31040,0.4,0.54,0.68,0.77,0.79,0.78,0.8,0.79,0.82,0.83,0.79,0.87,0.75,0.88,0.8,0.88
31041,0.66,0.69,0.7,0.76,0.73,0.77,0.82,0.86,0.89,0.89,0.89,0.91,0.91,0.93,0.93,0.93
31042,0.68,0.7,0.55,0.79,0.77,0.67,0.83,0.87,0.88,0.91,0.94,0.94,0.95,0.94,0.95,0.94
31043,0.45,0.47,0.54,0.56,0.56,0.6,0.7,0.73,0.74,0.74,0.71,0.73,0.83,0.88,0.9,0.91
31044,0.66,0.73,0.03,0.81,0.82,0.83,0.82,0.81,0.83,0.83,0.84,0.85,0.87,0.86,0.87,0.87
31045,0.81,0.7,0.7,0.7,0.72,0.7,0.54,0.47,0.6,0.61,0.63,0.65,0.71,0.74,0.8,0.83
31046,0.81,0.76,0.79,0.77,0.75,0.73,0.75,0.76,0.8,0.82,0.84,0.89,0.88,0.91,0.85,0.88
31047,0.47,0.46,0.53,0.62,0.61,0.75,0.79,0.79,0.83,0.82,0.85,0.86,0.86,0.87,0.84,0.86
31048,0.22,0.38,0.47,0.51,0.56,0.52,0.55,0.59,0.63,0.59,0.66,0.73,0.76,0.76,0.77,0.85
31049,0.78,0.79,0.72,0.73,0.73,0.75,0.78,0.8,0.78,0.81,0.86,0.87,0.88,0.89,0.9,0.91
31050,0.75,0.72,0.79,0.88,0.81,0.91,0.92,0.9,0.91,0.92,0.9,0.9,0.9,0.27,0.91,0.92
31051,0.72,0.71,0.73,0.78,0.81,0.85,0.86,0.89,0.9,0.89,0.9,0.9,0.92,0.92,0.91,0.9
31052,0.64,0.75,0.83,0.84,0.83,0.8,0.86,0.86,0.89,0.88,0.87,0.85,0.88,0.84,0.87,0.87
31053,0.76,0.41,0.54,0.59,0.62,0.61,0.77,0.84,0.87,0.81,0.88,0.87,0.91,0.89,0.86,0.86
31054,0.59,0.63,0.63,0.67,0.72,0.74,0.77,0.83,0.87,0.85,0.83,0.82,0.81,0.8,0.95,0.96
31055,0.4,0.75,0.78,0.72,0.75,0.74,0.72,0.74,0.79,0.85,0.85,0.88,0.89,0.86,0.89,0.91
31056,0.55,0.59,0.61,0.64,0.64,0.69,0.75,0.78,0.83,0.85,0.88,0.88,0.9,0.91,0.91,0.91
31057,0.58,0.73,0.79,0.85,0.84,0.85,0.88,0.88,0.88,0.88,0.87,0.91,0.91,0.91,0.91,0.9
31058,0.6,0.61,0.72,0.84,0.75,0.8,0.87,0.87,0.9,0.87,0.89,0.88,0.84,0.87,0.91,0.92
31059,0.54,0.59,0.69,0.75,0.78,0.76,0.84,0.86,0.87,0.88,0.91,0.92,0.92,0.93,0.95,0.95
31060,0.47,0.51,0.49,0.57,0.61,0.56,0.6,0.67,0.72,0.66,0.71,0.77,0.79,0.78,0.83,0.81
31061,0.7,0.75,0.8,0.83,0.85,0.85,0.89,0.92,0.94,0.93,0.92,0.94,0.94,0.93,0.94,0.94
31062,0.68,0.85,0.93,0.77,0.75,0.74,0.8,0.85,0.85,0.86,0.84,0.86,0.81,0.86,0.91,0.94
31063,0.71,0.72,0.74,0.83,0.84,0.83,0.86,0.88,0.9,0.92,0.91,0.93,0.95,0.92,0.93,0.94
31064,0.68,0.68,0.7,0.85,0.85,0.82,0.84,0.85,0.87,0.85,0.81,0.83,0.89,0.91,0.88,0.89
31065,0.68,0.77,0.77,0.83,0.85,0.84,0.87,0.89,0.87,0.87,0.88,0.91,0.91,0.86,0.89,0.88
31066,0.71,0.73,0.84,0.79,0.85,0.87,0.87,0.9,0.91,0.89,0.91,0.9,0.92,0.9,0.88,0.89
31067,0.61,0.64,0.73,0.74,0.75,0.76,0.79,0.84,0.85,0.87,0.87,0.89,0.9,0.9,0.87,0.9
31068,0.55,0.54,0.57,0.66,0.63,0.66,0.66,0.69,0.73,0.72,0.74,0.79,0.81,0.81,0.83,0.82
31069,0.47,0.57,0.64,0.69,0.78,0.82,0.82,0.83,0.83,0.82,0.84,0.87,0.87,0.89,0.89,0.87
31070,0.64,0.63,0.76,0.78,0.82,0.76,0.78,0.84,0.9,0.88,0.9,0.92,0.88,0.88,0.89,0.87
31071,0.78,0.77,0.85,0.84,0.89,0.86,0.88,0.9,0.9,0.32,0.9,0.89,0.85,0.9,0.86,0.91
31072,0.73,0.78,0.81,0.81,0.84,0.83,0.81,0.79,0.79,0.83,0.85,0.86,0.85,0.85,0.86,0.87
31073,0.78,0.82,0.84,0.81,0.78,0.81,0.86,0.84,0.86,0.85,0.87,0.84,0.85,0.82,0.87,0.95
31074,0.66,0.67,0.75,0.76,0.79,0.77,0.8,0.83,0.85,0.87,0.87,0.89,0.89,0.88,0.9,0.89
31075,0.49,0.74,0.78,0.82,0.84,0.86,0.87,0.89,0.85,0.89,0.86,0.83,0.86,0.81,0.87,0.87
31076,0.7,0.74,0.76,0.82,0.82,0.84,0.83,0.86,0.86,0.87,0.92,0.91,0.92,0.91,0.9,0.91
31077,0.58,0.64,0.7,0.7,0.71,0.64,0.74,0.8,0.82,0.85,0.87,0.91,0.9,0.87,0.84,0.85
32001,0.62,0.67,0.71,0.76,0.78,0.79,0.81,0.84,0.85,0.85,0.85,0.86,0.86,0.87,0.88,0.88
32002,0.69,0.71,0.73,0.74,0.76,0.77,0.79,0.8,0.81,0.83,0.84,0.83,0.81,0.81,0.81,0.78
32003,0.57,0.63,0.71,0.71,0.71,0.69,0.76,0.77,0.78,0.8,0.81,0.81,0.83,0.81,0.8,0.82
32004,0.63,0.71,0.75,0.78,0.79,0.8,0.83,0.84,0.85,0.85,0.87,0.88,0.88,0.87,0.87,0.87
33001,0.53,0.69,0.71,0.79,0.83,0.87,0.85,0.9,0.89,0.89,0.91,0.91,0.92,0.93,0.91,0.85
33002,0.57,0.65,0.71,0.76,0.79,0.83,0.84,0.82,0.83,0.88,0.9,0.84,0.85,0.86,0.91,0.9
33003,0.63,0.73,0.74,0.82,0.83,0.8,0.83,0.86,0.86,0.85,0.88,0.86,0.88,0.87,0.87,0.89
33004,0.66,0.75,0.81,0.83,0.84,0.85,0.86,0.86,0.89,0.89,0.91,0.91,0.91,0.91,0.92,0.94
33005,0.55,0.67,0.7,0.71,0.75,0.75,0.75,0.77,0.78,0.78,0.81,0.71,0.48,0.38,0.36,0.56
33006,0.56,0.64,0.66,0.71,0.75,0.73,0.75,0.76,0.78,0.77,0.73,0.73,0.71,0.73,0.8,0.81
33007,0.65,0.73,0.78,0.82,0.81,0.86,0.88,0.87,0.89,0.87,0.91,0.9,0.9,0.88,0.89,0.87
33008,0.61,0.68,0.72,0.76,0.77,0.82,0.82,0.82,0.86,0.88,0.88,0.88,0.87,0.87,0.87,0.84
33009,0.69,0.74,0.75,0.8,0.8,0.8,0.81,0.78,0.77,0.79,0.8,0.78,0.82,0.83,0.85,0.81
35011,0.6,0.69,0.66,0.72,0.81,0.85,0.89,0.89,0.89,0.9,0.89,0.84,0.82,0.82,0.82,0.79
35012,0.6,0.69,0.67,0.71,0.7,0.69,0.74,0.78,0.85,0.86,0.85,0.87,0.87,0.87,0.9,0.88
35013,0.42,0.42,0.53,0.65,0.69,0.76,0.78,0.77,0.8,0.76,0.79,0.81,0.81,0.8,0.79,0.75
35014,0.59,0.75,0.81,0.83,0.85,0.77,0.76,0.78,0.83,0.8,0.79,0.81,0.81,0.77,0.72,0.77
35015,0.59,0.67,0.72,0.79,0.77,0.8,0.81,0.82,0.83,0.83,0.8,0.78,0.8,0.78,0.78,0.76
35016,0.69,0.7,0.71,0.7,0.71,0.73,0.8,0.83,0.84,0.87,0.89,0.89,0.91,0.88,0.91,0.92
35021,0.7,0.79,0.83,0.86,0.89,0.88,0.9,0.88,0.92,0.87,0.89,0.72,0.84,0.83,0.83,0.75
35022,0.69,0.81,0.83,0.85,0.92,0.89,0.89,0.88,0.88,0.9,0.87,0.88,0.86,0.85,0.86,0.81
35023,0.83,0.83,0.87,0.91,0.9,0.93,0.92,0.92,0.89,0.89,0.91,0.91,0.9,0.88,0.87,0.89
35031,0.76,0.81,0.85,0.93,0.88,0.9,0.87,0.9,0.92,0.92,0.92,0.95,0.94,0.93,0.89,0.92
35032,0.74,0.73,0.59,0.66,0.65,0.73,0.81,0.78,0.89,0.92,0.9,0.9,0.91,0.92,0.93,0.93
35033,0.77,0.95,0.92,0.92,0.94,0.9,0.93,0.9,0.95,0.94,0.94,0.72,0.77,0.85,0.93,0.84
35034,0.87,0.82,0.84,0.86,0.89,0.9,0.83,0.82,0.86,0.89,0.87,0.92,0.93,0.91,0.92,0.94
35041,0.47,0.6,0.64,0.63,0.72,0.76,0.77,0.78,0.77,0.82,0.85,0.86,0.86,0.84,0.84,0.85
35051,0.83,0.91,0.84,0.87,0.88,0.9,0.87,0.85,0.92,0.9,0.86,0.88,0.88,0.87,0.9,0.91
35052,0.66,0.86,0.93,0.95,0.95,0.96,0.98,0.97,0.97,0.96,0.97,0.97,0.97,0.97,0.97,0.98
35061,0.69,0.71,0.77,0.78,0.81,0.82,0.85,0.86,0.89,0.9,0.9,0.89,0.86,0.91,0.91,0.9
35062,0.7,0.84,0.75,0.85,0.83,0.9,0.87,0.86,0.89,0.91,0.88,0.89,0.88,0.84,0.86,0.84
35063,0.7,0.72,0.77,0.72,0.57,0.4,0.43,0.65,0.55,0.55,0.57,0.63,0.82,0.86,0.9,0.8
35064,0.73,0.89,0.83,0.85,0.85,0.8,0.85,0.87,0.87,0.88,0.89,0.88,0.89,0.84,0.83,0.83
35065,0.27,0.54,0.68,0.8,0.76,0.8,0.8,0.84,0.91,0.92,0.91,0.92,0.91,0.91,0.92,0.92
35071,0.0,0.15,0.68,0.86,0.9,0.91,0.94,0.96,0.96,0.95,0.95,0.98,0.94,0.95,0.95,0.94
35072,0.63,0.7,0.13,0.07,0.04,0.15,0.74,0.78,0.83,0.85,0.85,0.85,0.84,0.84,0.84,0.84
35073,0.0,0.0,0.72,0.8,0.84,0.88,0.91,0.88,0.85,0.8,0.81,0.83,0.81,0.82,0.81,0.85
35074,0.7,0.76,0.74,0.8,0.77,0.79,0.82,0.85,0.87,0.89,0.86,0.88,0.9,0.85,0.88,0.78
35081,0.75,0.82,0.84,0.87,0.87,0.9,0.89,0.89,0.9,0.89,0.85,0.87,0.87,0.87,0.82,0.86
35082,0.6,0.74,0.96,0.94,0.93,0.89,0.91,0.9,0.93,0.91,0.91,0.96,0.96,0.92,0.87,0.86
35083,0.71,0.73,0.75,0.82,0.78,0.79,0.79,0.84,0.87,0.91,0.9,0.89,0.9,0.9,0.89,0.9
35091,0.73,0.78,0.81,0.86,0.9,0.91,0.93,0.95,0.97,0.96,0.94,0.96,0.95,0.95,0.96,0.96
35092,0.64,0.66,0.77,0.83,0.86,0.84,0.82,0.87,0.91,0.9,0.92,0.94,0.95,0.92,0.95,0.96
35093,0.67,0.74,0.78,0.84,0.86,0.87,0.87,0.88,0.88,0.89,0.91,0.91,0.88,0.9,0.92,0.94
35094,0.57,0.81,0.83,0.85,0.87,0.9,0.92,0.86,0.91,0.91,0.91,0.93,0.96,0.94,0.95,0.94
35095,0.46,0.66,0.8,0.88,0.9,0.82,0.81,0.84,0.89,0.86,0.89,0.89,0.9,0.91,0.88,0.91
35101,0.5,0.67,0.69,0.78,0.81,0.87,0.88,0.9,0.91,0.92,0.9,0.87,0.88,0.9,0.88,0.85
35102,0.69,0.66,0.64,0.66,0.68,0.69,0.76,0.85,0.82,0.84,0.89,0.87,0.85,0.8,0.76,0.47
35103,0.83,0.77,0.87,0.91,0.93,0.93,0.92,0.91,0.91,0.88,0.91,0.89,0.88,0.88,0.89,0.83
35104,0.59,0.72,0.89,0.73,0.8,0.81,0.83,0.81,0.9,0.91,0.91,0.92,0.92,0.92,0.89,0.88
35111,0.72,0.8,0.86,0.89,0.94,0.94,0.91,0.92,0.92,0.93,0.95,0.94,0.96,0.95,0.96,0.98
35112,0.78,0.8,0.84,0.9,0.92,0.93,0.94,0.95,0.95,0.94,0.96,0.96,0.97,0.96,0.95,0.97
35113,0.64,0.74,0.85,0.88,0.92,0.91,0.9,0.94,0.95,0.94,0.95,0.93,0.93,0.94,0.96,0.93
35114,0.81,0.83,0.88,0.91,0.9,0.86,0.91,0.91,0.93,0.96,0.93,0.91,0.95,0.93,0.95,0.93
35115,0.53,0.55,0.7,0.78,0.87,0.82,0.87,0.86,0.86,0.91,0.91,0.9,0.94,0.93,0.92,0.94
35121,0.53,0.66,0.71,0.76,0.78,0.79,0.83,0.87,0.88,0.86,0.88,0.87,0.88,0.86,0.89,0.91
35131,0.7,0.74,0.84,0.89,0.87,0.89,0.86,0.87,0.87,0.93,0.85,0.87,0.86,0.87,0.9,0.86
35132,0.65,0.7,0.75,0.77,0.82,0.82,0.85,0.85,0.86,0.89,0.87,0.85,0.84,0.85,0.82,0.87
35133,0.77,0.78,0.85,0.85,0.88,0.84,0.86,0.87,0.86,0.84,0.87,0.85,0.82,0.83,0.81,0.74
35141,0.75,0.77,0.78,0.78,0.81,0.79,0.82,0.84,0.88,0.89,0.88,0.85,0.9,0.88,0.88,0.88
35142,0.78,0.83,0.87,0.87,0.89,0.85,0.88,0.87,0.92,0.92,0.93,0.94,0.95,0.93,0.9,0.89
35143,0.61,0.65,0.71,0.65,0.65,0.67,0.71,0.71,0.76,0.75,0.74,0.78,0.85,0.85,0.87,0.9
35151,0.85,0.87,0.89,0.91,0.87,0.89,0.9,0.88,0.88,0.9,0.9,0.91,0.91,0.89,0.88,0.88
35152,0.78,0.85,0.85,0.88,0.91,0.84,0.84,0.83,0.84,0.89,0.86,0.8,0.82,0.81,0.85,0.84
35153,0.94,0.91,0.95,0.93,0.95,0.94,0.94,0.96,0.94,0.94,0.92,0.91,0.95,0.97,0.96,0.96
35154,0.88,0.84,0.8,0.87,0.91,0.91,0.89,0.86,0.89,0.92,0.93,0.94,0.92,0.83,0.88,0.92
35155,0.7,0.67,0.69,0.81,0.81,0.8,0.81,0.77,0.77,0.74,0.68,0.64,0.59,0.56,0.56,0.8
35156,0.55,0.52,0.75,0.82,0.81,0.87,0.95,0.95,0.92,0.85,0.92,0.91,0.9,0.86,0.89,0.75
35157,0.5,0.7,0.77,0.82,0.74,0.89,0.94,0.93,0.82,0.9,0.85,0.9,0.88,0.88,0.9,0.21
35161,0.64,0.71,0.81,0.88,0.9,0.85,0.73,0.77,0.75,0.75,0.68,0.74,0.82,0.79,0.8,0.86
35162,0.53,0.67,0.73,0.81,0.84,0.85,0.87,0.89,0.91,0.9,0.93,0.92,0.94,0.92,0.92,0.92
35163,0.68,0.75,0.78,0.84,0.86,0.86,0.85,0.86,0.87,0.88,0.87,0.88,0.85,0.86,0.86,0.83
35171,0.51,0.66,0.71,0.74,0.76,0.79,0.83,0.83,0.83,0.84,0.83,0.86,0.85,0.8,0.78,0.82
35172,0.66,0.7,0.81,0.82,0.85,0.83,0.86,0.88,0.87,0.83,0.88,0.88,0.88,0.87,0.88,0.88
35173,0.64,0.71,0.76,0.82,0.82,0.85,0.87,0.9,0.91,0.9,0.89,0.9,0.89,0.86,0.86,0.86
35174,0.57,0.67,0.74,0.77,0.72,0.74,0.77,0.83,0.84,0.83,0.83,0.86,0.87,0.85,0.87,0.88
41001,0.37,0.66,0.64,0.72,0.74,0.67,0.64,0.67,0.72,0.76,0.8,0.76,0.77,0.76,0.8,0.77
41002,0.48,0.56,0.65,0.69,0.71,0.72,0.74,0.76,0.76,0.77,0.8,0.81,0.81,0.8,0.82,0.82
41003,0.63,0.59,0.68,0.73,0.78,0.69,0.79,0.74,0.78,0.77,0.74,0.78,0.77,0.79,0.82,0.75
41004,0.59,0.61,0.7,0.74,0.76,0.77,0.8,0.82,0.79,0.81,0.81,0.79,0.84,0.86,0.84,0.86
41005,0.53,0.58,0.62,0.67,0.71,0.72,0.71,0.75,0.78,0.8,0.82,0.82,0.83,0.83,0.83,0.84
41006,0.62,0.67,0.69,0.72,0.72,0.69,0.7,0.76,0.81,0.78,0.81,0.81,0.8,0.82,0.85,0.86
41007,0.52,0.65,0.64,0.7,0.7,0.74,0.74,0.79,0.79,0.8,0.81,0.83,0.83,0.86,0.87,0.91
41008,0.72,0.79,0.76,0.8,0.83,0.83,0.85,0.84,0.86,0.88,0.89,0.88,0.89,0.88,0.9,0.91
41009,0.65,0.73,0.77,0.78,0.78,0.76,0.8,0.8,0.81,0.79,0.8,0.81,0.8,0.78,0.78,0.8
41010,0.65,0.71,0.73,0.76,0.78,0.77,0.82,0.83,0.86,0.87,0.89,0.89,0.9,0.9,0.92,0.92
41011,0.7,0.78,0.85,0.87,0.87,0.86,0.87,0.86,0.85,0.89,0.91,0.92,0.91,0.92,0.93,0.9
41012,0.72,0.67,0.73,0.77,0.78,0.8,0.83,0.81,0.86,0.87,0.86,0.84,0.86,0.87,0.87,0.87
41013,0.72,0.75,0.81,0.84,0.85,0.87,0.92,0.93,0.94,0.94,0.95,0.93,0.94,0.92,0.91,0.91
41014,0.67,0.72,0.73,0.75,0.79,0.82,0.82,0.88,0.89,0.9,0.89,0.9,0.91,0.92,0.91,0.89
41015,0.69,0.71,0.74,0.73,0.77,0.79,0.83,0.86,0.86,0.86,0.86,0.9,0.89,0.88,0.9,0.9
41016,0.67,0.82,0.85,0.83,0.81,0.85,0.85,0.83,0.81,0.81,0.81,0.8,0.83,0.82,0.8,0.77
41017,0.69,0.68,0.73,0.78,0.81,0.82,0.82,0.85,0.86,0.86,0.86,0.82,0.78,0.79,0.83,0.85
41018,0.65,0.67,0.74,0.79,0.81,0.81,0.82,0.85,0.83,0.86,0.88,0.85,0.82,0.8,0.81,0.77
41019,0.63,0.68,0.74,0.78,0.79,0.79,0.84,0.89,0.88,0.89,0.89,0.9,0.87,0.85,0.86,0.84
41020,0.77,0.76,0.77,0.83,0.88,0.89,0.88,0.89,0.89,0.91,0.93,0.89,0.88,0.8,0.8,0.95
41021,0.41,0.48,0.51,0.53,0.76,0.7,0.72,0.74,0.76,0.74,0.73,0.79,0.79,0.79,0.81,0.76
41022,0.57,0.59,0.63,0.67,0.74,0.79,0.84,0.84,0.88,0.85,0.88,0.86,0.87,0.85,0.85,0.9
42001,0.62,0.68,0.75,0.81,0.85,0.86,0.88,0.89,0.88,0.89,0.89,0.89,0.9,0.91,0.9,0.92
42002,0.61,0.69,0.74,0.8,0.88,0.91,0.91,0.92,0.92,0.92,0.94,0.94,0.92,0.93,0.92,0.94
42003,0.6,0.63,0.68,0.72,0.75,0.84,0.85,0.86,0.85,0.82,0.85,0.86,0.88,0.91,0.9,0.88
42004,0.56,0.71,0.79,0.84,0.86,0.85,0.84,0.83,0.87,0.89,0.89,0.88,0.88,0.88,0.87,0.88
42005,0.45,0.64,0.72,0.78,0.82,0.82,0.82,0.85,0.84,0.85,0.84,0.86,0.83,0.81,0.81,0.77
42006,0.8,0.79,0.81,0.78,0.85,0.85,0.87,0.89,0.89,0.89,0.89,0.89,0.87,0.88,0.88,0.85
42007,0.58,0.66,0.74,0.77,0.79,0.78,0.78,0.78,0.78,0.78,0.81,0.79,0.78,0.8,0.79,0.78
42008,0.7,0.7,0.78,0.83,0.82,0.85,0.86,0.84,0.86,0.87,0.89,0.91,0.91,0.89,0.91,0.87
42009,0.56,0.68,0.65,0.66,0.73,0.75,0.74,0.77,0.79,0.81,0.82,0.83,0.8,0.82,0.79,0.8
42010,0.79,0.78,0.82,0.88,0.89,0.9,0.9,0.89,0.92,0.91,0.94,0.92,0.91,0.92,0.88,0.92
42011,0.37,0.46,0.73,0.81,0.83,0.85,0.88,0.87,0.88,0.86,0.84,0.83,0.81,0.78,0.77,0.74
42012,0.57,0.65,0.68,0.72,0.75,0.74,0.75,0.78,0.78,0.79,0.81,0.81,0.81,0.77,0.8,0.8
42013,0.66,0.68,0.71,0.79,0.83,0.84,0.88,0.9,0.89,0.88,0.86,0.69,0.81,0.8,0.82,0.84
42014,0.65,0.7,0.73,0.8,0.82,0.82,0.83,0.85,0.84,0.82,0.85,0.84,0.87,0.88,0.9,0.9
42015,0.67,0.72,0.76,0.79,0.81,0.85,0.88,0.87,0.89,0.87,0.89,0.92,0.92,0.9,0.9,0.91
42016,0.73,0.73,0.8,0.82,0.87,0.87,0.87,0.89,0.89,0.9,0.91,0.9,0.9,0.89,0.9,0.89
43001,0.57,0.66,0.69,0.74,0.76,0.75,0.78,0.8,0.81,0.8,0.81,0.82,0.84,0.83,0.82,0.85
43002,0.69,0.69,0.69,0.73,0.79,0.78,0.82,0.85,0.86,0.9,0.87,0.86,0.9,0.88,0.87,0.89
43003,0.58,0.62,0.64,0.67,0.67,0.69,0.72,0.73,0.75,0.78,0.78,0.8,0.78,0.81,0.79,0.78
43004,0.63,0.78,0.78,0.79,0.81,0.83,0.87,0.85,0.84,0.85,0.89,0.78,0.85,0.87,0.84,0.88
43005,0.53,0.6,0.61,0.6,0.68,0.75,0.78,0.81,0.83,0.83,0.83,0.85,0.86,0.83,0.78,0.87
43006,0.73,0.69,0.72,0.79,0.78,0.84,0.81,0.8,0.82,0.85,0.88,0.86,0.87,0.86,0.89,0.84
43007,0.48,0.6,0.62,0.7,0.75,0.75,0.74,0.72,0.81,0.84,0.87,0.81,0.81,0.83,0.82,0.79
43008,0.65,0.67,0.73,0.8,0.77,0.77,0.83,0.82,0.82,0.83,0.85,0.84,0.83,0.78,0.73,0.68
43009,0.66,0.63,0.61,0.65,0.67,0.73,0.78,0.79,0.81,0.81,0.78,0.82,0.81,0.84,0.81,0.77
43010,0.56,0.58,0.64,0.68,0.68,0.7,0.71,0.74,0.74,0.76,0.76,0.76,0.76,0.04,0.79,0.74
43011,0.66,0.65,0.66,0.76,0.8,0.81,0.83,0.84,0.86,0.88,0.89,0.89,0.88,0.89,0.87,0.85
43012,0.7,0.7,0.72,0.84,0.85,0.86,0.85,0.89,0.91,0.84,0.86,0.87,0.89,0.85,0.85,0.84
43013,0.6,0.67,0.7,0.78,0.85,0.85,0.86,0.87,0.87,0.88,0.86,0.88,0.87,0.89,0.89,0.85
43014,0.76,0.8,0.77,0.85,0.91,0.93,0.94,0.94,0.94,0.92,0.94,0.94,0.92,0.91,0.93,0.93
43015,0.66,0.7,0.75,0.83,0.88,0.87,0.91,0.93,0.95,0.94,0.94,0.94,0.92,0.93,0.93,0.94
43016,0.66,0.69,0.71,0.73,0.77,0.79,0.83,0.85,0.84,0.86,0.88,0.85,0.87,0.86,0.85,0.87
43017,0.64,0.69,0.71,0.76,0.82,0.85,0.87,0.88,0.87,0.87,0.88,0.46,0.83,0.84,0.82,0.83
43018,0.69,0.74,0.79,0.81,0.82,0.84,0.86,0.87,0.91,0.91,0.91,0.9,0.9,0.87,0.88,0.83
43019,0.61,0.66,0.69,0.74,0.76,0.8,0.82,0.83,0.82,0.82,0.81,0.84,0.84,0.83,0.81,0.84
43020,0.66,0.72,0.75,0.8,0.89,0.91,0.89,0.91,0.91,0.91,0.92,0.91,0.9,0.93,0.9,0.89
43021,0.6,0.59,0.55,0.65,0.67,0.71,0.74,0.75,0.8,0.81,0.82,0.81,0.82,0.81,0.63,0.84
43022,0.9,0.74,0.66,0.73,0.74,0.8,0.79,0.83,0.83,0.86,0.84,0.85,0.85,0.86,0.84,0.85
43023,0.67,0.69,0.72,0.8,0.71,0.83,0.85,0.88,0.85,0.84,0.84,0.86,0.84,0.8,0.82,0.87
43024,0.6,0.68,0.69,0.68,0.69,0.78,0.76,0.75,0.8,0.83,0.85,0.85,0.85,0.83,0.83,0.83
43025,0.65,0.75,0.78,0.82,0.86,0.87,0.89,0.87,0.9,0.91,0.93,0.92,0.92,0.9,0.9,0.81
43026,0.77,0.78,0.84,0.91,0.92,0.93,0.92,0.91,0.92,0.92,0.93,0.94,0.93,0.91,0.9,0.91
43027,0.65,0.67,0.69,0.71,0.78,0.79,0.83,0.82,0.83,0.82,0.83,0.86,0.85,0.83,0.81,0.79
43028,0.6,0.63,0.63,0.72,0.78,0.81,0.82,0.83,0.83,0.83,0.83,0.83,0.81,0.84,0.84,0.83
43029,0.66,0.76,0.77,0.87,0.88,0.89,0.87,0.89,0.91,0.9,0.91,0.89,0.91,0.89,0.91,0.92
43030,0.77,0.77,0.81,0.82,0.81,0.85,0.86,0.85,0.86,0.82,0.85,0.87,0.83,0.79,0.74,0.71
50001,0.65,0.69,0.71,0.73,0.77,0.79,0.8,0.79,0.81,0.8,0.81,0.82,0.81,0.82,0.83,0.85
50002,0.49,0.57,0.64,0.7,0.7,0.68,0.67,0.72,0.7,0.7,0.68,0.67,0.73,0.7,0.72,0.74
50003,0.61,0.66,0.71,0.75,0.78,0.8,0.82,0.85,0.87,0.88,0.86,0.86,0.96,0.85,0.85,0.87
50004,0.69,0.74,0.75,0.8,0.85,0.88,0.88,0.9,0.91,0.92,0.92,0.9,0.91,0.91,0.91,0.92
51001,0.71,0.71,0.81,0.84,0.85,0.86,0.89,0.92,0.93,0.92,0.93,0.93,0.93,0.91,0.91,0.92
51002,0.6,0.63,0.65,0.7,0.75,0.75,0.76,0.78,0.8,0.79,0.82,0.82,0.84,0.83,0.85,0.83
51003,0.65,0.73,0.66,0.69,0.73,0.73,0.72,0.77,0.74,0.77,0.79,0.72,0.82,0.85,0.84,0.74
51004,0.72,0.68,0.74,0.81,0.78,0.82,0.85,0.88,0.88,0.89,0.91,0.9,0.91,0.88,0.9,0.92
51005,0.71,0.69,0.76,0.8,0.82,0.8,0.8,0.83,0.82,0.82,0.83,0.88,0.86,0.88,0.87,0.86
51006,0.75,0.83,0.82,0.84,0.86,0.86,0.91,0.93,0.92,0.92,0.93,0.94,0.95,0.92,0.93,0.89
51007,0.62,0.71,0.75,0.79,0.81,0.83,0.86,0.86,0.89,0.9,0.9,0.91,0.92,0.93,0.93,0.9
51008,0.65,0.67,0.67,0.73,0.76,0.78,0.81,0.84,0.83,0.84,0.88,0.86,0.88,0.85,0.91,0.92
51009,0.68,0.67,0.73,0.74,0.79,0.81,0.81,0.72,0.83,0.87,0.85,0.85,0.87,0.89,0.88,0.83
51010,0.73,0.76,0.79,0.82,0.84,0.89,0.91,0.93,0.94,0.97,0.97,0.96,0.97,0.97,0.95,0.94
51011,0.63,0.77,0.79,0.85,0.82,0.81,0.84,0.8,0.79,0.85,0.85,0.88,0.89,0.91,0.93,0.93
51012,0.6,0.74,0.7,0.7,0.76,0.79,0.75,0.74,0.7,0.74,0.79,0.83,0.88,0.87,0.89,0.83
51013,0.68,0.73,0.76,0.81,0.83,0.83,0.84,0.86,0.87,0.86,0.86,0.89,0.88,0.88,0.91,0.91
51014,0.7,0.75,0.8,0.84,0.82,0.87,0.89,0.91,0.91,0.91,0.9,0.93,0.94,0.92,0.91,0.91
51015,0.62,0.69,0.71,0.77,0.75,0.81,0.82,0.83,0.84,0.88,0.88,0.88,0.9,0.91,0.91,0.94
51016,0.68,0.69,0.74,0.82,0.8,0.82,0.84,0.85,0.91,0.94,0.9,0.91,0.95,0.94,0.92,0.96
52001,0.74,0.78,0.8,0.82,0.86,0.87,0.87,0.89,0.9,0.9,0.89,0.9,0.9,0.9,0.9,0.9
52002,0.62,0.73,0.77,0.77,0.8,0.82,0.85,0.87,0.89,0.89,0.9,0.91,0.9,0.91,0.9,0.93
52003,0.52,0.61,0.71,0.77,0.76,0.78,0.8,0.77,0.58,0.69,0.71,0.55,0.75,0.76,0.75,0.72
52004,0.46,0.53,0.56,0.61,0.61,0.65,0.68,0.71,0.73,0.73,0.69,0.65,0.66,0.7,0.68,0.71
52005,0.69,0.75,0.76,0.8,0.83,0.82,0.83,0.76,0.89,0.9,0.91,0.91,0.91,0.87,0.87,0.9
52006,0.57,0.6,0.66,0.69,0.75,0.72,0.74,0.76,0.78,0.82,0.78,0.82,0.82,0.87,0.79,0.83
52007,0.5,0.54,0.59,0.66,0.7,0.72,0.74,0.81,0.8,0.79,0.8,0.82,0.82,0.82,0.82,0.86
52008,0.72,0.7,0.76,0.76,0.78,0.8,0.83,0.82,0.84,0.82,0.87,0.86,0.88,0.89,0.89,0.87
52009,0.73,0.76,0.8,0.73,0.75,0.85,0.85,0.88,0.91,0.91,0.93,0.92,0.94,0.91,0.87,0.9
52010,0.77,0.83,0.83,0.85,0.83,0.85,0.85,0.87,0.91,0.92,0.89,0.92,0.93,0.94,0.95,0.94
52011,0.58,0.64,0.69,0.75,0.75,0.78,0.8,0.8,0.8,0.81,0.82,0.83,0.83,0.85,0.82,0.79
52012,0.71,0.73,0.78,0.85,0.85,0.85,0.88,0.9,0.91,0.93,0.93,0.93,0.92,0.93,0.93,0.95
52013,0.76,0.77,0.8,0.82,0.82,0.79,0.79,0.81,0.82,0.83,0.85,0.83,0.83,0.86,0.87,0.82
52014,0.61,0.62,0.71,0.74,0.79,0.82,0.84,0.88,0.91,0.91,0.9,0.92,0.91,0.92,0.92,0.93
52015,0.61,0.75,0.83,0.86,0.87,0.87,0.91,0.9,0.89,0.91,0.9,0.86,0.89,0.87,0.88,0.87
52016,0.66,0.72,0.71,0.72,0.7,0.7,0.76,0.76,0.75,0.77,0.79,0.81,0.84,0.84,0.87,0.88
52017,0.76,0.77,0.78,0.81,0.8,0.83,0.87,0.87,0.89,0.9,0.91,0.91,0.92,0.92,0.93,0.92
52018,0.54,0.68,0.7,0.74,0.79,0.79,0.81,0.84,0.86,0.89,0.9,0.9,0.91,0.92,0.94,0.95
53001,0.55,0.59,0.65,0.66,0.5,0.5,0.62,0.51,0.53,0.54,0.58,0.62,0.7,0.75,0.75,0.75
